,Date,Virus,Case Number
0,2015-10-11,Influenza Viruses A,0.06233538191395961
1,2015-10-18,Influenza Viruses A,0.041666666666666664
2,2015-10-25,Influenza Viruses A,0.05091819699499165
3,2015-11-01,Influenza Viruses A,0.03536977491961415
4,2015-11-08,Influenza Viruses A,0.021160409556313993
5,2015-11-15,Influenza Viruses A,0.033022254127781765
6,2015-11-22,Influenza Viruses A,0.0411522633744856
7,2015-11-29,Influenza Viruses A,0.03543647363872083
8,2015-12-06,Influenza Viruses A,0.04258064516129032
9,2015-12-13,Influenza Viruses A,0.05138339920948617
10,2015-12-20,Influenza Viruses A,0.07322033898305084
11,2015-12-27,Influenza Viruses A,0.09879518072289156
12,2016-01-03,Influenza Viruses A,0.1367003367003367
13,2016-01-10,Influenza Viruses A,0.16404128191200434
14,2016-01-17,Influenza Viruses A,0.20022883295194507
15,2016-01-24,Influenza Viruses A,0.24357656731757452
16,2016-01-31,Influenza Viruses A,0.27297507788161995
17,2016-02-07,Influenza Viruses A,0.3138980564723139
18,2016-02-14,Influenza Viruses A,0.35727670206121176
19,2016-02-21,Influenza Viruses A,0.4143150333504361
20,2016-02-28,Influenza Viruses A,0.4245220830586684
21,2016-03-06,Influenza Viruses A,0.4759974397269042
22,2016-03-13,Influenza Viruses A,0.4971540726202159
23,2016-03-20,Influenza Viruses A,0.4259304305521771
24,2016-03-27,Influenza Viruses A,0.37980339588918677
25,2016-04-03,Influenza Viruses A,0.3321393682839466
26,2016-04-10,Influenza Viruses A,0.29213483146067415
27,2016-04-17,Influenza Viruses A,0.24688995215311005
28,2016-04-24,Influenza Viruses A,0.23072687224669602
29,2016-05-01,Influenza Viruses A,0.18108651911468812
30,2016-05-08,Influenza Viruses A,0.12266666666666666
31,2016-05-15,Influenza Viruses A,0.11481844946025516
32,2016-05-22,Influenza Viruses A,0.14215686274509803
33,2016-05-29,Influenza Viruses A,0.09702660406885759
34,2016-06-05,Influenza Viruses A,0.03734439834024896
35,2016-06-12,Influenza Viruses A,0.04525862068965517
36,2016-06-19,Influenza Viruses A,0.0589622641509434
37,2016-06-26,Influenza Viruses A,0.084375
38,2016-07-03,Influenza Viruses A,0.07384615384615385
39,2016-07-10,Influenza Viruses A,0.07380073800738007
40,2016-07-17,Influenza Viruses A,0.07903780068728522
41,2016-07-24,Influenza Viruses A,0.0707070707070707
42,2016-07-31,Influenza Viruses A,0.1342281879194631
43,2016-08-07,Influenza Viruses A,0.13675213675213677
44,2016-08-14,Influenza Viruses A,0.09686609686609686
45,2016-08-21,Influenza Viruses A,0.0797872340425532
46,2016-08-28,Influenza Viruses A,0.09065934065934066
47,2016-09-04,Influenza Viruses A,0.09803921568627451
48,2016-09-11,Influenza Viruses A,0.12
49,2016-09-18,Influenza Viruses A,0.11754068716094032
50,2016-09-25,Influenza Viruses A,0.13344051446945338
51,2016-10-02,Influenza Viruses A,0.11350574712643678
52,2016-10-09,Influenza Viruses A,0.10690423162583519
53,2016-10-16,Influenza Viruses A,0.09484536082474226
54,2016-10-23,Influenza Viruses A,0.12982456140350876
55,2016-10-30,Influenza Viruses A,0.1232876712328767
56,2016-11-06,Influenza Viruses A,0.10570987654320987
57,2016-11-13,Influenza Viruses A,0.12627450980392158
58,2016-11-20,Influenza Viruses A,0.14803849000740193
59,2016-11-27,Influenza Viruses A,0.16666666666666666
60,2016-12-04,Influenza Viruses A,0.19964973730297722
61,2016-12-11,Influenza Viruses A,0.26382978723404255
62,2016-12-18,Influenza Viruses A,0.3462566844919786
63,2016-12-25,Influenza Viruses A,0.4215568862275449
64,2017-01-01,Influenza Viruses A,0.5290538484940676
65,2017-01-08,Influenza Viruses A,0.5424720244150559
66,2017-01-15,Influenza Viruses A,0.5264489420423183
67,2017-01-22,Influenza Viruses A,0.5455820476858345
68,2017-01-29,Influenza Viruses A,0.5488178633975481
69,2017-02-05,Influenza Viruses A,0.526346834447503
70,2017-02-12,Influenza Viruses A,0.5558775584133309
71,2017-02-19,Influenza Viruses A,0.5064667291471415
72,2017-02-26,Influenza Viruses A,0.48627838104639687
73,2017-03-05,Influenza Viruses A,0.3902377972465582
74,2017-03-12,Influenza Viruses A,0.3644137931034483
75,2017-03-19,Influenza Viruses A,0.29277331686226066
76,2017-03-26,Influenza Viruses A,0.27334993773349936
77,2017-04-02,Influenza Viruses A,0.22466382420465728
78,2017-04-09,Influenza Viruses A,0.17114384748700173
79,2017-04-16,Influenza Viruses A,0.13205351948807445
80,2017-04-23,Influenza Viruses A,0.1013557133634603
81,2017-04-30,Influenza Viruses A,0.10889570552147239
82,2017-05-07,Influenza Viruses A,0.08620689655172414
83,2017-05-14,Influenza Viruses A,0.11473565804274466
84,2017-05-21,Influenza Viruses A,0.08756345177664974
85,2017-05-28,Influenza Viruses A,0.0734375
86,2017-06-04,Influenza Viruses A,0.07272727272727272
87,2017-06-11,Influenza Viruses A,0.08315098468271334
88,2017-06-18,Influenza Viruses A,0.1306532663316583
89,2017-06-25,Influenza Viruses A,0.11597938144329897
90,2017-07-02,Influenza Viruses A,0.12465373961218837
91,2017-07-09,Influenza Viruses A,0.13220338983050847
92,2017-07-16,Influenza Viruses A,0.10086455331412104
93,2017-07-23,Influenza Viruses A,0.096045197740113
94,2017-07-30,Influenza Viruses A,0.11444141689373297
95,2017-08-06,Influenza Viruses A,0.12727272727272726
96,2017-08-13,Influenza Viruses A,0.13136729222520108
97,2017-08-20,Influenza Viruses A,0.11331444759206799
98,2017-08-27,Influenza Viruses A,0.15121951219512195
99,2017-09-03,Influenza Viruses A,0.17078189300411523
100,2017-09-10,Influenza Viruses A,0.2537313432835821
101,2017-09-17,Influenza Viruses A,0.1627260083449235
102,2017-09-24,Influenza Viruses A,0.12771084337349398
103,2017-10-01,Influenza Viruses A,0.13527575442247658
104,2017-10-08,Influenza Viruses A,0.1335254562920269
105,2017-10-15,Influenza Viruses A,0.15291936978683968
106,2017-10-22,Influenza Viruses A,0.15153970826580226
107,2017-10-29,Influenza Viruses A,0.1561439239646979
108,2017-11-05,Influenza Viruses A,0.18101822752985544
109,2017-11-12,Influenza Viruses A,0.222007722007722
110,2017-11-19,Influenza Viruses A,0.24680170575692964
111,2017-11-26,Influenza Viruses A,0.3308504034761018
112,2017-12-03,Influenza Viruses A,0.36260025327142253
113,2017-12-10,Influenza Viruses A,0.4061041292639138
114,2017-12-17,Influenza Viruses A,0.4673974142776841
115,2017-12-24,Influenza Viruses A,0.5711318795430945
116,2017-12-31,Influenza Viruses A,0.6069321533923304
117,2018-01-07,Influenza Viruses A,0.5700468018720749
118,2018-01-14,Influenza Viruses A,0.549067784361902
119,2018-01-21,Influenza Viruses A,0.505800095344033
120,2018-01-28,Influenza Viruses A,0.4805720063556262
121,2018-02-04,Influenza Viruses A,0.4360827664399093
122,2018-02-11,Influenza Viruses A,0.4029574861367837
123,2018-02-18,Influenza Viruses A,0.3685548293391431
124,2018-02-25,Influenza Viruses A,0.3075230972283326
125,2018-03-04,Influenza Viruses A,0.23631284916201117
126,2018-03-11,Influenza Viruses A,0.18972849198560682
127,2018-03-18,Influenza Viruses A,0.1937524713325425
128,2018-03-25,Influenza Viruses A,0.1619217081850534
129,2018-04-01,Influenza Viruses A,0.183206106870229
130,2018-04-08,Influenza Viruses A,0.1521511017838405
131,2018-04-15,Influenza Viruses A,0.13841998649561107
132,2018-04-22,Influenza Viruses A,0.11669505962521294
133,2018-04-29,Influenza Viruses A,0.10700389105058365
134,2018-05-06,Influenza Viruses A,0.08784596871239471
135,2018-05-13,Influenza Viruses A,0.06010016694490818
136,2018-05-20,Influenza Viruses A,0.05603448275862069
137,2018-05-27,Influenza Viruses A,0.06976744186046512
138,2018-06-03,Influenza Viruses A,0.04905660377358491
139,2018-06-10,Influenza Viruses A,0.03496503496503497
140,2018-06-17,Influenza Viruses A,0.03180212014134275
141,2018-06-24,Influenza Viruses A,0.018779342723004695
142,2018-07-01,Influenza Viruses A,0.04060913705583756
143,2018-07-08,Influenza Viruses A,0.10687022900763359
144,2018-07-15,Influenza Viruses A,0.09659090909090909
145,2018-07-22,Influenza Viruses A,0.11494252873563218
146,2018-07-29,Influenza Viruses A,0.06584362139917696
147,2018-08-05,Influenza Viruses A,0.10810810810810811
148,2018-08-12,Influenza Viruses A,0.11585365853658537
149,2018-08-19,Influenza Viruses A,0.11049723756906077
150,2018-08-26,Influenza Viruses A,0.16602316602316602
151,2018-09-02,Influenza Viruses A,0.06201550387596899
152,2018-09-09,Influenza Viruses A,0.09686609686609686
153,2018-09-16,Influenza Viruses A,0.09641255605381166
154,2018-09-23,Influenza Viruses A,0.07663551401869159
155,2018-09-30,Influenza Viruses A,0.058823529411764705
156,2018-10-07,Influenza Viruses A,0.0599250936329588
157,2018-10-14,Influenza Viruses A,0.07734204793028322
158,2018-10-21,Influenza Viruses A,0.07837837837837838
159,2018-10-28,Influenza Viruses A,0.10242587601078167
160,2018-11-04,Influenza Viruses A,0.08821170809943865
161,2018-11-11,Influenza Viruses A,0.11874533233756535
162,2018-11-18,Influenza Viruses A,0.14095371669004209
163,2018-11-25,Influenza Viruses A,0.2471213463241807
164,2018-12-02,Influenza Viruses A,0.23591549295774647
165,2018-12-09,Influenza Viruses A,0.2690972222222222
166,2018-12-16,Influenza Viruses A,0.39136363636363636
167,2018-12-23,Influenza Viruses A,0.5392670157068062
168,2018-12-30,Influenza Viruses A,0.6347352024922118
169,2019-01-13,Influenza Viruses A,0.568424681144433
170,2019-01-20,Influenza Viruses A,0.5363553392150897
171,2019-01-27,Influenza Viruses A,0.5891891891891892
172,2019-02-03,Influenza Viruses A,0.6132845482690684
173,2019-02-10,Influenza Viruses A,0.614258281325012
174,2019-02-17,Influenza Viruses A,0.6447395301327885
175,2019-02-24,Influenza Viruses A,0.6461182411108773
176,2019-03-03,Influenza Viruses A,0.6394401504073532
177,2019-03-10,Influenza Viruses A,0.6501603849238171
178,2019-03-17,Influenza Viruses A,0.6601158460901945
179,2019-03-24,Influenza Viruses A,0.6469807564698076
180,2019-03-31,Influenza Viruses A,0.566440854611777
181,2019-04-07,Influenza Viruses A,0.5355481727574751
182,2019-04-14,Influenza Viruses A,0.47014361300075586
183,2019-04-21,Influenza Viruses A,0.41363211951447243
184,2019-04-28,Influenza Viruses A,0.3286479250334672
185,2019-05-05,Influenza Viruses A,0.2478017585931255
186,2019-05-12,Influenza Viruses A,0.2195589645254075
187,2019-05-19,Influenza Viruses A,0.1806375442739079
188,2019-05-26,Influenza Viruses A,0.15940224159402241
189,2019-06-02,Influenza Viruses A,0.18083182640144665
190,2019-06-09,Influenza Viruses A,0.1436077057793345
191,2019-06-16,Influenza Viruses A,0.16533864541832669
192,2019-06-23,Influenza Viruses A,0.19406392694063926
193,2019-06-30,Influenza Viruses A,0.18527918781725888
194,2019-07-07,Influenza Viruses A,0.1834625322997416
195,2019-07-14,Influenza Viruses A,0.20110192837465565
196,2019-07-21,Influenza Viruses A,0.13216957605985039
197,2019-07-28,Influenza Viruses A,0.21981424148606812
198,2019-08-04,Influenza Viruses A,0.16891891891891891
199,2019-08-11,Influenza Viruses A,0.13690476190476192
200,2019-08-18,Influenza Viruses A,0.13559322033898305
201,2019-08-25,Influenza Viruses A,0.16569767441860464
202,2019-09-01,Influenza Viruses A,0.16292134831460675
203,2019-09-08,Influenza Viruses A,0.14016172506738545
204,2019-09-15,Influenza Viruses A,0.17439293598233996
205,2019-09-22,Influenza Viruses A,0.15966386554621848
206,2019-09-29,Influenza Viruses A,0.12467532467532468
207,2019-10-06,Influenza Viruses A,0.12030075187969924
208,2019-10-13,Influenza Viruses A,0.10435663627152988
209,2019-10-20,Influenza Viruses A,0.1080835603996367
210,2019-10-27,Influenza Viruses A,0.11305732484076433
211,2019-11-03,Influenza Viruses A,0.11981258366800536
212,2019-11-10,Influenza Viruses A,0.12273011897307451
213,2019-11-17,Influenza Viruses A,0.17085641244141458
214,2019-11-24,Influenza Viruses A,0.1598731884057971
215,2019-12-01,Influenza Viruses A,0.18126780626780628
216,2019-12-08,Influenza Viruses A,0.23060618906316235
217,2019-12-15,Influenza Viruses A,0.209266646210494
218,2019-12-22,Influenza Viruses A,0.21090182648401826
219,2019-12-29,Influenza Viruses A,0.2538614848031888
220,2020-01-05,Influenza Viruses A,0.3144280968201234
221,2020-01-12,Influenza Viruses A,0.3320754716981132
222,2020-01-19,Influenza Viruses A,0.32178327080114766
223,2020-01-26,Influenza Viruses A,0.35016220600162207
224,2020-02-02,Influenza Viruses A,0.377
225,2020-02-09,Influenza Viruses A,0.40953625081645983
226,2020-02-16,Influenza Viruses A,0.44307149161518095
227,2020-02-23,Influenza Viruses A,0.44607745779543195
228,2020-03-01,Influenza Viruses A,0.44820441988950277
229,2020-03-08,Influenza Viruses A,0.44813695871097686
230,2020-03-15,Influenza Viruses A,0.4210779595765159
231,2020-03-22,Influenza Viruses A,0.34965421853388656
232,2020-03-29,Influenza Viruses A,0.17347294938917976
233,2020-04-05,Influenza Viruses A,0.053488372093023255
234,2020-04-12,Influenza Viruses A,0.028397565922920892
235,2020-04-19,Influenza Viruses A,0.0302734375
236,2020-04-26,Influenza Viruses A,0.02142051860202931
237,2020-05-03,Influenza Viruses A,0.031476997578692496
238,2020-05-10,Influenza Viruses A,0.032
239,2020-05-17,Influenza Viruses A,0.04084720121028744
240,2020-05-24,Influenza Viruses A,0.03488372093023256
241,2020-05-31,Influenza Viruses A,0.0018018018018018018
242,2020-06-07,Influenza Viruses A,0.005628517823639775
243,2020-06-14,Influenza Viruses A,0.0
244,2020-06-21,Influenza Viruses A,0.005698005698005698
245,2020-06-28,Influenza Viruses A,0.0
246,2020-07-05,Influenza Viruses A,0.013953488372093023
247,2020-07-12,Influenza Viruses A,0.0
248,2020-07-19,Influenza Viruses A,0.0037735849056603774
249,2020-07-26,Influenza Viruses A,0.0
250,2020-08-02,Influenza Viruses A,0.007692307692307693
251,2020-08-09,Influenza Viruses A,0.0
252,2020-08-16,Influenza Viruses A,0.0
253,2020-08-23,Influenza Viruses A,0.0
254,2020-08-30,Influenza Viruses A,0.0
255,2020-09-06,Influenza Viruses A,0.0
256,2020-09-13,Influenza Viruses A,0.0007760962359332557
257,2020-09-20,Influenza Viruses A,0.006289308176100629
258,2020-09-27,Influenza Viruses A,0.004608294930875576
259,2020-10-04,Influenza Viruses A,0.0003570153516601214
260,2020-10-11,Influenza Viruses A,0.00025806451612903227
261,2020-10-18,Influenza Viruses A,0.0006537015852263442
262,2020-10-25,Influenza Viruses A,0.0004385964912280702
263,2020-11-01,Influenza Viruses A,0.0008257113821138212
264,2020-11-08,Influenza Viruses A,0.0003916960438699569
265,2020-11-15,Influenza Viruses A,0.0002641509433962264
266,2020-11-22,Influenza Viruses A,0.000504560450223171
267,2020-11-29,Influenza Viruses A,0.0001557955961778147
268,2020-12-06,Influenza Viruses A,0.0007123775601068567
269,2020-12-13,Influenza Viruses A,0.0002827414612078715
270,2020-12-20,Influenza Viruses A,0.0008484848484848485
271,2020-12-27,Influenza Viruses A,0.0003294024639304302
272,2021-01-03,Influenza Viruses A,0.00016032064128256512
273,2021-01-10,Influenza Viruses A,0.0007977308987768126
274,2021-01-10,Influenza Viruses A,0.0004554771122751082
275,2021-01-17,Influenza Viruses A,0.0003184713375796178
276,2021-01-24,Influenza Viruses A,0.0002158273381294964
277,2021-01-31,Influenza Viruses A,0.00022696323195642307
278,2021-02-07,Influenza Viruses A,0.0002454891371056831
279,2021-02-14,Influenza Viruses A,0.00011664528169835531
280,2021-02-21,Influenza Viruses A,0.00022363026462914648
281,2021-02-28,Influenza Viruses A,0.00018062496236979952
282,2021-03-07,Influenza Viruses A,0.0001350347714536493
283,2021-03-14,Influenza Viruses A,0.0001180776951233912
284,2021-03-21,Influenza Viruses A,0.0003419504855696895
285,2021-03-28,Influenza Viruses A,6.693440428380188e-05
286,2021-04-04,Influenza Viruses A,0.00036036036036036037
287,2021-04-11,Influenza Viruses A,7.066638400113066e-05
288,2021-04-18,Influenza Viruses A,0.00032168821977739175
289,2021-04-25,Influenza Viruses A,0.0
290,2021-05-02,Influenza Viruses A,7.81188969611749e-05
291,2021-05-09,Influenza Viruses A,0.0
292,2021-05-16,Influenza Viruses A,0.0
293,2021-05-23,Influenza Viruses A,9.935419771485345e-05
294,2021-05-30,Influenza Viruses A,0.0
295,2021-06-06,Influenza Viruses A,0.000441306266548985
296,2021-06-13,Influenza Viruses A,0.00035542918073573843
297,2021-06-20,Influenza Viruses A,0.0001795009872554299
298,2021-06-27,Influenza Viruses A,0.0001589825119236884
299,2021-07-04,Influenza Viruses A,0.0001373437714599643
300,2021-07-11,Influenza Viruses A,0.000598175564528189
301,2021-07-18,Influenza Viruses A,0.000671591672263264
302,2021-07-25,Influenza Viruses A,0.00023391812865497077
303,2021-08-01,Influenza Viruses A,0.0003237992444684296
304,2021-08-08,Influenza Viruses A,0.0003698498409645684
305,2021-08-15,Influenza Viruses A,0.00018631225934666502
306,2021-08-22,Influenza Viruses A,0.0002301178203240059
307,2021-08-29,Influenza Viruses A,0.0002487562189054726
308,2021-09-05,Influenza Viruses A,0.00012010088474318428
309,2021-09-12,Influenza Viruses A,0.00028620492272467084
310,2021-09-19,Influenza Viruses A,0.0004714979489839219
311,2021-09-26,Influenza Viruses A,0.0015592777023288567
312,2021-10-03,Influenza Viruses A,0.002213368747233289
313,2021-10-10,Influenza Viruses A,0.004666024243039002
314,2021-10-17,Influenza Viruses A,0.0049350649350649355
315,2021-10-24,Influenza Viruses A,0.0022182786157941437
316,2021-10-31,Influenza Viruses A,0.0022837453423614727
317,2021-11-07,Influenza Viruses A,0.008011563080735081
318,2021-11-14,Influenza Viruses A,0.011301636788776305
319,2021-11-21,Influenza Viruses A,0.022151766718117725
320,2021-11-28,Influenza Viruses A,0.035314643243893634
321,2021-12-05,Influenza Viruses A,0.03809411948946833
322,2021-12-12,Influenza Viruses A,0.039817101662105336
323,2021-12-19,Influenza Viruses A,0.043072702331961595
324,2021-12-26,Influenza Viruses A,0.03944196697601543
325,2022-01-02,Influenza Viruses A,0.034823594014551776
326,2022-01-09,Influenza Viruses A,0.01745526898901132
327,2022-01-16,Influenza Viruses A,0.015415991842121049
328,2022-01-23,Influenza Viruses A,0.014644309553859407
329,2022-01-30,Influenza Viruses A,0.014480346354230365
330,2022-02-06,Influenza Viruses A,0.018341998844598497
331,2022-02-13,Influenza Viruses A,0.023789899595384384
332,2022-02-20,Influenza Viruses A,0.02497048147986181
333,2022-02-27,Influenza Viruses A,0.027485541173230515
334,2022-03-06,Influenza Viruses A,0.03461342684237317
335,2022-03-13,Influenza Viruses A,0.037438176923558504
336,2022-03-20,Influenza Viruses A,0.043769347059246996
337,2022-03-27,Influenza Viruses A,0.04874826147426982
338,2022-04-03,Influenza Viruses A,0.056386900889178054
339,2022-04-10,Influenza Viruses A,0.052600429089294964
340,2022-04-17,Influenza Viruses A,0.05797517399727344
341,2022-04-24,Influenza Viruses A,0.05871131835523527
342,2022-05-01,Influenza Viruses A,0.05397727272727273
343,2022-05-08,Influenza Viruses A,0.05405754930488199
344,2022-05-15,Influenza Viruses A,0.05309275004867917
345,2022-05-22,Influenza Viruses A,0.04944564801835096
346,2022-05-29,Influenza Viruses A,0.041514930808448654
347,2022-06-05,Influenza Viruses A,0.040545313272586
348,2022-06-12,Influenza Viruses A,0.0280794701986755
349,2022-06-19,Influenza Viruses A,0.022199861643921764
350,2022-06-26,Influenza Viruses A,0.011527883433787817
351,2022-07-03,Influenza Viruses A,0.005309458122950393
352,2022-07-10,Influenza Viruses A,0.00514234215130149
353,2022-07-17,Influenza Viruses A,0.006268033031539151
354,2022-07-24,Influenza Viruses A,0.0024648054225719297
355,2022-07-31,Influenza Viruses A,0.0021436227224008574
356,2022-08-07,Influenza Viruses A,0.003089214380825566
357,2022-08-14,Influenza Viruses A,0.005977907732293697
358,2022-08-21,Influenza Viruses A,0.0038580246913580245
359,2022-08-28,Influenza Viruses A,0.005105056692998012
360,2022-09-04,Influenza Viruses A,0.005282652255753233
361,2022-09-11,Influenza Viruses A,0.0078576979535446
362,2022-09-18,Influenza Viruses A,0.006965345257545791
363,2022-09-25,Influenza Viruses A,0.012123893805309734
364,2022-10-02,Influenza Viruses A,0.015560686678044373
365,2022-10-09,Influenza Viruses A,0.03256578947368421
366,2022-10-16,Influenza Viruses A,0.053212733466463054
367,2022-10-23,Influenza Viruses A,0.06343124733929331
368,2022-10-30,Influenza Viruses A,0.1046659597030753
369,2022-11-06,Influenza Viruses A,0.1367255777820936
370,2022-11-13,Influenza Viruses A,0.18020866266202973
371,2022-11-20,Influenza Viruses A,0.2039888033589923
372,2022-11-27,Influenza Viruses A,0.27234608304356717
373,2022-12-04,Influenza Viruses A,0.2733516483516483
374,2022-12-11,Influenza Viruses A,0.26637813985064496
375,2022-12-18,Influenza Viruses A,0.24560021013921723
376,2022-12-25,Influenza Viruses A,0.22572094995759118
377,2023-01-01,Influenza Viruses A,0.19183673469387755
378,2023-01-08,Influenza Viruses A,0.16645576900954792
379,2023-01-15,Influenza Viruses A,0.10181730653508245
380,2023-01-22,Influenza Viruses A,0.08001602992252205
381,2023-01-29,Influenza Viruses A,0.04844903988183161
382,2023-02-05,Influenza Viruses A,0.042743377214366975
383,2023-02-12,Influenza Viruses A,0.037225274725274725
384,2023-02-19,Influenza Viruses A,0.023462010639749013
385,2023-02-26,Influenza Viruses A,0.020686553740068954
386,2023-03-05,Influenza Viruses A,0.019671209779401434
387,2023-03-12,Influenza Viruses A,0.019297736506094024
388,2023-03-19,Influenza Viruses A,0.01536222509702458
389,2023-03-26,Influenza Viruses A,0.017654680919987044
390,2023-04-02,Influenza Viruses A,0.01767825574543312
391,2023-04-09,Influenza Viruses A,0.018894192521877486
392,2023-04-16,Influenza Viruses A,0.012457303596544103
393,2023-04-23,Influenza Viruses A,0.011385658914728682
394,2023-04-30,Influenza Viruses A,0.015144113336590131
395,2023-05-07,Influenza Viruses A,0.013137948458817585
396,2023-05-14,Influenza Viruses A,0.015444015444015444
397,2023-05-21,Influenza Viruses A,0.017906761346094473
398,2023-05-28,Influenza Viruses A,0.016227180527383367
399,2023-06-04,Influenza Viruses A,0.025060630557801132
400,2023-06-11,Influenza Viruses A,0.02791216970599181
401,2023-06-18,Influenza Viruses A,0.031746031746031744
402,2023-06-25,Influenza Viruses A,0.03199308257674016
403,2023-07-02,Influenza Viruses A,0.03399076793957197
404,2023-07-09,Influenza Viruses A,0.035265989240884636
405,2023-07-16,Influenza Viruses A,0.020759493670886076
406,2023-07-23,Influenza Viruses A,0.01619207146845338
407,2015-10-11,Influenza Viruses B,0.009657594381035996
408,2015-10-18,Influenza Viruses B,0.008680555555555556
409,2015-10-25,Influenza Viruses B,0.010851419031719533
410,2015-11-01,Influenza Viruses B,0.011254019292604502
411,2015-11-08,Influenza Viruses B,0.00955631399317406
412,2015-11-15,Influenza Viruses B,0.01148600143575018
413,2015-11-22,Influenza Viruses B,0.0054869684499314125
414,2015-11-29,Influenza Viruses B,0.013828867761452032
415,2015-12-06,Influenza Viruses B,0.015483870967741935
416,2015-12-13,Influenza Viruses B,0.015810276679841896
417,2015-12-20,Influenza Viruses B,0.022372881355932205
418,2015-12-27,Influenza Viruses B,0.03453815261044177
419,2016-01-03,Influenza Viruses B,0.03838383838383838
420,2016-01-10,Influenza Viruses B,0.042368278109722976
421,2016-01-17,Influenza Viruses B,0.07437070938215103
422,2016-01-24,Influenza Viruses B,0.07862281603288798
423,2016-01-31,Influenza Viruses B,0.08917445482866043
424,2016-02-07,Influenza Viruses B,0.1111111111111111
425,2016-02-14,Influenza Viruses B,0.136789506558401
426,2016-02-21,Influenza Viruses B,0.15161621344279116
427,2016-02-28,Influenza Viruses B,0.16567787299494616
428,2016-03-06,Influenza Viruses B,0.14956262001280138
429,2016-03-13,Influenza Viruses B,0.14543670264965652
430,2016-03-20,Influenza Viruses B,0.15008513743614693
431,2016-03-27,Influenza Viruses B,0.15162347333929102
432,2016-04-03,Influenza Viruses B,0.1777922500814067
433,2016-04-10,Influenza Viruses B,0.18393674573449853
434,2016-04-17,Influenza Viruses B,0.19043062200956937
435,2016-04-24,Influenza Viruses B,0.22411894273127753
436,2016-05-01,Influenza Viruses B,0.19517102615694165
437,2016-05-08,Influenza Viruses B,0.19111111111111112
438,2016-05-15,Influenza Viruses B,0.15701668302257116
439,2016-05-22,Influenza Viruses B,0.1323529411764706
440,2016-05-29,Influenza Viruses B,0.13145539906103287
441,2016-06-05,Influenza Viruses B,0.15145228215767634
442,2016-06-12,Influenza Viruses B,0.07974137931034483
443,2016-06-19,Influenza Viruses B,0.05188679245283019
444,2016-06-26,Influenza Viruses B,0.09375
445,2016-07-03,Influenza Viruses B,0.05846153846153846
446,2016-07-10,Influenza Viruses B,0.07011070110701106
447,2016-07-17,Influenza Viruses B,0.054982817869415807
448,2016-07-24,Influenza Viruses B,0.04713804713804714
449,2016-07-31,Influenza Viruses B,0.04697986577181208
450,2016-08-07,Influenza Viruses B,0.014245014245014245
451,2016-08-14,Influenza Viruses B,0.045584045584045586
452,2016-08-21,Influenza Viruses B,0.02925531914893617
453,2016-08-28,Influenza Viruses B,0.027472527472527472
454,2016-09-04,Influenza Viruses B,0.02696078431372549
455,2016-09-11,Influenza Viruses B,0.025
456,2016-09-18,Influenza Viruses B,0.03616636528028933
457,2016-09-25,Influenza Viruses B,0.02572347266881029
458,2016-10-02,Influenza Viruses B,0.022988505747126436
459,2016-10-09,Influenza Viruses B,0.011135857461024499
460,2016-10-16,Influenza Viruses B,0.016494845360824743
461,2016-10-23,Influenza Viruses B,0.016666666666666666
462,2016-10-30,Influenza Viruses B,0.010273972602739725
463,2016-11-06,Influenza Viruses B,0.015432098765432098
464,2016-11-13,Influenza Viruses B,0.009411764705882352
465,2016-11-20,Influenza Viruses B,0.015544041450777202
466,2016-11-27,Influenza Viruses B,0.015482695810564663
467,2016-12-04,Influenza Viruses B,0.023350846468184472
468,2016-12-11,Influenza Viruses B,0.015957446808510637
469,2016-12-18,Influenza Viruses B,0.027183600713012478
470,2016-12-25,Influenza Viruses B,0.03273453093812375
471,2017-01-01,Influenza Viruses B,0.03316093702464253
472,2017-01-08,Influenza Viruses B,0.03204476093591048
473,2017-01-15,Influenza Viruses B,0.03449862005519779
474,2017-01-22,Influenza Viruses B,0.046517064048620854
475,2017-01-29,Influenza Viruses B,0.04903677758318739
476,2017-02-05,Influenza Viruses B,0.06449075894612662
477,2017-02-12,Influenza Viruses B,0.07480528889693897
478,2017-02-19,Influenza Viruses B,0.1042174320524836
479,2017-02-26,Influenza Viruses B,0.1194471865745311
480,2017-03-05,Influenza Viruses B,0.15244055068836046
481,2017-03-12,Influenza Viruses B,0.17489655172413793
482,2017-03-19,Influenza Viruses B,0.21772699197035206
483,2017-03-26,Influenza Viruses B,0.261519302615193
484,2017-04-02,Influenza Viruses B,0.3073138734011151
485,2017-04-09,Influenza Viruses B,0.30329289428076256
486,2017-04-16,Influenza Viruses B,0.30831878999418266
487,2017-04-23,Influenza Viruses B,0.2485474499677211
488,2017-04-30,Influenza Viruses B,0.21549079754601227
489,2017-05-07,Influenza Viruses B,0.19444444444444445
490,2017-05-14,Influenza Viruses B,0.21484814398200225
491,2017-05-21,Influenza Viruses B,0.22842639593908629
492,2017-05-28,Influenza Viruses B,0.2015625
493,2017-06-04,Influenza Viruses B,0.23272727272727273
494,2017-06-11,Influenza Viruses B,0.2275711159737418
495,2017-06-18,Influenza Viruses B,0.16331658291457288
496,2017-06-25,Influenza Viruses B,0.12886597938144329
497,2017-07-02,Influenza Viruses B,0.0886426592797784
498,2017-07-09,Influenza Viruses B,0.061016949152542375
499,2017-07-16,Influenza Viruses B,0.07204610951008646
500,2017-07-23,Influenza Viruses B,0.04519774011299435
501,2017-07-30,Influenza Viruses B,0.0681198910081744
502,2017-08-06,Influenza Viruses B,0.02857142857142857
503,2017-08-13,Influenza Viruses B,0.07238605898123325
504,2017-08-20,Influenza Viruses B,0.028328611898016998
505,2017-08-27,Influenza Viruses B,0.04878048780487805
506,2017-09-03,Influenza Viruses B,0.01440329218106996
507,2017-09-10,Influenza Viruses B,0.03411513859275053
508,2017-09-17,Influenza Viruses B,0.0458970792767733
509,2017-09-24,Influenza Viruses B,0.03493975903614458
510,2017-10-01,Influenza Viruses B,0.013527575442247659
511,2017-10-08,Influenza Viruses B,0.020172910662824207
512,2017-10-15,Influenza Viruses B,0.021316033364226137
513,2017-10-22,Influenza Viruses B,0.011345218800648298
514,2017-10-29,Influenza Viruses B,0.02376103190767142
515,2017-11-05,Influenza Viruses B,0.03519798868636078
516,2017-11-12,Influenza Viruses B,0.03153153153153153
517,2017-11-19,Influenza Viruses B,0.05063965884861407
518,2017-11-26,Influenza Viruses B,0.04655493482309125
519,2017-12-03,Influenza Viruses B,0.05740818910932883
520,2017-12-10,Influenza Viruses B,0.05385996409335727
521,2017-12-17,Influenza Viruses B,0.0699831365935919
522,2017-12-24,Influenza Viruses B,0.0778816199376947
523,2017-12-31,Influenza Viruses B,0.09347345132743363
524,2018-01-07,Influenza Viruses B,0.10499219968798752
525,2018-01-14,Influenza Viruses B,0.10680734210145974
526,2018-01-21,Influenza Viruses B,0.12267598919434292
527,2018-01-28,Influenza Viruses B,0.14545717174635273
528,2018-02-04,Influenza Viruses B,0.17020975056689341
529,2018-02-11,Influenza Viruses B,0.21149106592729514
530,2018-02-18,Influenza Viruses B,0.23547567175018155
531,2018-02-25,Influenza Viruses B,0.2754069511658601
532,2018-03-04,Influenza Viruses B,0.2768156424581006
533,2018-03-11,Influenza Viruses B,0.296368989205103
534,2018-03-18,Influenza Viruses B,0.3107947805456702
535,2018-03-25,Influenza Viruses B,0.28825622775800713
536,2018-04-01,Influenza Viruses B,0.31755725190839695
537,2018-04-08,Influenza Viruses B,0.27859391395592864
538,2018-04-15,Influenza Viruses B,0.26401080351114115
539,2018-04-22,Influenza Viruses B,0.25468483816013626
540,2018-04-29,Influenza Viruses B,0.2130350194552529
541,2018-05-06,Influenza Viruses B,0.20938628158844766
542,2018-05-13,Influenza Viruses B,0.13689482470784642
543,2018-05-20,Influenza Viruses B,0.09267241379310345
544,2018-05-27,Influenza Viruses B,0.09302325581395349
545,2018-06-03,Influenza Viruses B,0.05660377358490566
546,2018-06-10,Influenza Viruses B,0.05244755244755245
547,2018-06-17,Influenza Viruses B,0.045936395759717315
548,2018-06-24,Influenza Viruses B,0.04225352112676056
549,2018-07-01,Influenza Viruses B,0.005076142131979695
550,2018-07-08,Influenza Viruses B,0.05343511450381679
551,2018-07-15,Influenza Viruses B,0.03409090909090909
552,2018-07-22,Influenza Viruses B,0.05172413793103448
553,2018-07-29,Influenza Viruses B,0.00823045267489712
554,2018-08-05,Influenza Viruses B,0.005405405405405406
555,2018-08-12,Influenza Viruses B,0.018292682926829267
556,2018-08-19,Influenza Viruses B,0.016574585635359115
557,2018-08-26,Influenza Viruses B,0.007722007722007722
558,2018-09-02,Influenza Viruses B,0.007751937984496124
559,2018-09-09,Influenza Viruses B,0.005698005698005698
560,2018-09-16,Influenza Viruses B,0.013452914798206279
561,2018-09-23,Influenza Viruses B,0.009345794392523364
562,2018-09-30,Influenza Viruses B,0.0053475935828877
563,2018-10-07,Influenza Viruses B,0.02247191011235955
564,2018-10-14,Influenza Viruses B,0.014161220043572984
565,2018-10-21,Influenza Viruses B,0.015315315315315315
566,2018-10-28,Influenza Viruses B,0.014375561545372867
567,2018-11-04,Influenza Viruses B,0.00801924619085806
568,2018-11-11,Influenza Viruses B,0.01194921583271098
569,2018-11-18,Influenza Viruses B,0.0035063113604488078
570,2018-11-25,Influenza Viruses B,0.0070859167404783
571,2018-12-02,Influenza Viruses B,0.007629107981220657
572,2018-12-09,Influenza Viruses B,0.009837962962962963
573,2018-12-16,Influenza Viruses B,0.007272727272727273
574,2018-12-23,Influenza Viruses B,0.013836948391922213
575,2018-12-30,Influenza Viruses B,0.013629283489096573
576,2019-01-13,Influenza Viruses B,0.010685970355049982
577,2019-01-20,Influenza Viruses B,0.010952236081533314
578,2019-01-27,Influenza Viruses B,0.012612612612612612
579,2019-02-03,Influenza Viruses B,0.013228257810301155
580,2019-02-10,Influenza Viruses B,0.012962073931829092
581,2019-02-17,Influenza Viruses B,0.009601634320735445
582,2019-02-24,Influenza Viruses B,0.014727540500736377
583,2019-03-03,Influenza Viruses B,0.020263212868184666
584,2019-03-10,Influenza Viruses B,0.01643945469125902
585,2019-03-17,Influenza Viruses B,0.026065370293752586
586,2019-03-24,Influenza Viruses B,0.030524220305242204
587,2019-03-31,Influenza Viruses B,0.03751954142782699
588,2019-04-07,Influenza Viruses B,0.06511627906976744
589,2019-04-14,Influenza Viruses B,0.07029478458049887
590,2019-04-21,Influenza Viruses B,0.07236227824463119
591,2019-04-28,Influenza Viruses B,0.06291834002677377
592,2019-05-05,Influenza Viruses B,0.09592326139088729
593,2019-05-12,Influenza Viruses B,0.061361457334611694
594,2019-05-19,Influenza Viruses B,0.08500590318772137
595,2019-05-26,Influenza Viruses B,0.0722291407222914
596,2019-06-02,Influenza Viruses B,0.059674502712477394
597,2019-06-09,Influenza Viruses B,0.09807355516637478
598,2019-06-16,Influenza Viruses B,0.10358565737051793
599,2019-06-23,Influenza Viruses B,0.06164383561643835
600,2019-06-30,Influenza Viruses B,0.05583756345177665
601,2019-07-07,Influenza Viruses B,0.04909560723514212
602,2019-07-14,Influenza Viruses B,0.046831955922865015
603,2019-07-21,Influenza Viruses B,0.029925187032418952
604,2019-07-28,Influenza Viruses B,0.034055727554179564
605,2019-08-04,Influenza Viruses B,0.0472972972972973
606,2019-08-11,Influenza Viruses B,0.03869047619047619
607,2019-08-18,Influenza Viruses B,0.0576271186440678
608,2019-08-25,Influenza Viruses B,0.11046511627906977
609,2019-09-01,Influenza Viruses B,0.09550561797752809
610,2019-09-08,Influenza Viruses B,0.09433962264150944
611,2019-09-15,Influenza Viruses B,0.0684326710816777
612,2019-09-22,Influenza Viruses B,0.08067226890756303
613,2019-09-29,Influenza Viruses B,0.06623376623376623
614,2019-10-06,Influenza Viruses B,0.07017543859649122
615,2019-10-13,Influenza Viruses B,0.06484295845997974
616,2019-10-20,Influenza Viruses B,0.07175295186194369
617,2019-10-27,Influenza Viruses B,0.07404458598726114
618,2019-11-03,Influenza Viruses B,0.08099062918340026
619,2019-11-10,Influenza Viruses B,0.10269254852849093
620,2019-11-17,Influenza Viruses B,0.13549211759693225
621,2019-11-24,Influenza Viruses B,0.19429347826086957
622,2019-12-01,Influenza Viruses B,0.21581196581196582
623,2019-12-08,Influenza Viruses B,0.27596439169139464
624,2019-12-15,Influenza Viruses B,0.2657256827247622
625,2019-12-22,Influenza Viruses B,0.3233447488584475
626,2019-12-29,Influenza Viruses B,0.34927752864972594
627,2020-01-05,Influenza Viruses B,0.4029425723777883
628,2020-01-12,Influenza Viruses B,0.35070754716981134
629,2020-01-19,Influenza Viruses B,0.3063341425733834
630,2020-01-26,Influenza Viruses B,0.3057583130575831
631,2020-02-02,Influenza Viruses B,0.2802
632,2020-02-09,Influenza Viruses B,0.22697583278902678
633,2020-02-16,Influenza Viruses B,0.20617828773168578
634,2020-02-23,Influenza Viruses B,0.20536246276067527
635,2020-03-01,Influenza Viruses B,0.17081031307550645
636,2020-03-08,Influenza Viruses B,0.15181268882175228
637,2020-03-15,Influenza Viruses B,0.11838306063522618
638,2020-03-22,Influenza Viruses B,0.08105117565698479
639,2020-03-29,Influenza Viruses B,0.04467713787085515
640,2020-04-05,Influenza Viruses B,0.026046511627906978
641,2020-04-12,Influenza Viruses B,0.008113590263691683
642,2020-04-19,Influenza Viruses B,0.00390625
643,2020-04-26,Influenza Viruses B,0.005636978579481398
644,2020-05-03,Influenza Viruses B,0.004842615012106538
645,2020-05-10,Influenza Viruses B,0.004
646,2020-05-17,Influenza Viruses B,0.0030257186081694403
647,2020-05-24,Influenza Viruses B,0.00436046511627907
648,2020-05-31,Influenza Viruses B,0.0
649,2020-06-07,Influenza Viruses B,0.001876172607879925
650,2020-06-14,Influenza Viruses B,0.0055248618784530384
651,2020-06-21,Influenza Viruses B,0.011396011396011397
652,2020-06-28,Influenza Viruses B,0.0
653,2020-07-05,Influenza Viruses B,0.0
654,2020-07-12,Influenza Viruses B,0.0
655,2020-07-19,Influenza Viruses B,0.0037735849056603774
656,2020-07-26,Influenza Viruses B,0.0
657,2020-08-02,Influenza Viruses B,0.0
658,2020-08-09,Influenza Viruses B,0.0
659,2020-08-16,Influenza Viruses B,0.0
660,2020-08-23,Influenza Viruses B,0.007518796992481203
661,2020-08-30,Influenza Viruses B,0.0
662,2020-09-06,Influenza Viruses B,0.0
663,2020-09-13,Influenza Viruses B,0.00038804811796662784
664,2020-09-20,Influenza Viruses B,0.0
665,2020-09-27,Influenza Viruses B,0.0
666,2020-10-04,Influenza Viruses B,0.0
667,2020-10-11,Influenza Viruses B,0.00017204301075268816
668,2020-10-18,Influenza Viruses B,0.0004902761889197581
669,2020-10-25,Influenza Viruses B,0.0004385964912280702
670,2020-11-01,Influenza Viruses B,0.00025406504065040653
671,2020-11-08,Influenza Viruses B,0.0007833920877399138
672,2020-11-15,Influenza Viruses B,0.000339622641509434
673,2020-11-22,Influenza Viruses B,0.00023287405394915582
674,2020-11-29,Influenza Viruses B,0.0002077274615704196
675,2020-12-06,Influenza Viruses B,0.0002671415850400712
676,2020-12-13,Influenza Viruses B,0.0005089346301741688
677,2020-12-20,Influenza Viruses B,0.0001818181818181818
678,2020-12-27,Influenza Viruses B,0.00026352197114434415
679,2021-01-03,Influenza Viruses B,0.00016032064128256512
680,2021-01-10,Influenza Viruses B,0.00026591029959227087
681,2021-01-10,Influenza Viruses B,0.0002277385561375541
682,2021-01-17,Influenza Viruses B,0.00025477707006369424
683,2021-01-24,Influenza Viruses B,7.194244604316547e-05
684,2021-01-31,Influenza Viruses B,7.565441065214103e-05
685,2021-02-07,Influenza Viruses B,0.0001841168528292623
686,2021-02-14,Influenza Viruses B,0.00011664528169835531
687,2021-02-21,Influenza Viruses B,0.00014908684308609764
688,2021-02-28,Influenza Viruses B,0.0003010416039496658
689,2021-03-07,Influenza Viruses B,0.0
690,2021-03-14,Influenza Viruses B,0.0001180776951233912
691,2021-03-21,Influenza Viruses B,0.0001367801942278758
692,2021-03-28,Influenza Viruses B,0.0
693,2021-04-04,Influenza Viruses B,7.207207207207208e-05
694,2021-04-11,Influenza Viruses B,0.0
695,2021-04-18,Influenza Viruses B,0.0001286752879109567
696,2021-04-25,Influenza Viruses B,8.066467693796887e-05
697,2021-05-02,Influenza Viruses B,0.0
698,2021-05-09,Influenza Viruses B,9.256687957048968e-05
699,2021-05-16,Influenza Viruses B,0.0
700,2021-05-23,Influenza Viruses B,0.0004967709885742673
701,2021-05-30,Influenza Viruses B,0.0
702,2021-06-06,Influenza Viruses B,0.00014710208884966165
703,2021-06-13,Influenza Viruses B,0.0
704,2021-06-20,Influenza Viruses B,0.0
705,2021-06-27,Influenza Viruses B,0.0001589825119236884
706,2021-07-04,Influenza Viruses B,0.0
707,2021-07-11,Influenza Viruses B,0.00014954389113204725
708,2021-07-18,Influenza Viruses B,0.00022386389075442132
709,2021-07-25,Influenza Viruses B,0.0
710,2021-08-01,Influenza Viruses B,0.0
711,2021-08-08,Influenza Viruses B,0.0
712,2021-08-15,Influenza Viruses B,0.0
713,2021-08-22,Influenza Viruses B,4.602356406480118e-05
714,2021-08-29,Influenza Viruses B,0.0001243781094527363
715,2021-09-05,Influenza Viruses B,8.006725649545619e-05
716,2021-09-12,Influenza Viruses B,4.770082045411181e-05
717,2021-09-19,Influenza Viruses B,0.00018859917959356876
718,2021-09-26,Influenza Viruses B,0.0
719,2021-10-03,Influenza Viruses B,0.00016600265604249667
720,2021-10-10,Influenza Viruses B,0.00035502358370948926
721,2021-10-17,Influenza Viruses B,0.0005194805194805195
722,2021-10-24,Influenza Viruses B,0.000282326369282891
723,2021-10-31,Influenza Viruses B,0.00044072278536800354
724,2021-11-07,Influenza Viruses B,0.00020648358455502787
725,2021-11-14,Influenza Viruses B,0.0001732051615138131
726,2021-11-21,Influenza Viruses B,0.00041717074798715113
727,2021-11-28,Influenza Viruses B,0.0003609673926122007
728,2021-12-05,Influenza Viruses B,0.0002740584135932973
729,2021-12-12,Influenza Viruses B,0.0001001268273145985
730,2021-12-19,Influenza Viruses B,0.00012193263222069806
731,2021-12-26,Influenza Viruses B,9.03941183560323e-05
732,2022-01-02,Influenza Viruses B,0.0001372809225277994
733,2022-01-09,Influenza Viruses B,0.00012058907764429237
734,2022-01-16,Influenza Viruses B,2.9992202027472856e-05
735,2022-01-23,Influenza Viruses B,2.003325520363804e-05
736,2022-01-30,Influenza Viruses B,0.00017122031162096715
737,2022-02-06,Influenza Viruses B,0.00014442518775274407
738,2022-02-13,Influenza Viruses B,7.49288176232579e-05
739,2022-02-20,Influenza Viruses B,8.746228189093453e-05
740,2022-02-27,Influenza Viruses B,0.0001101624896722666
741,2022-03-06,Influenza Viruses B,0.00016967366099202534
742,2022-03-13,Influenza Viruses B,6.260564702936204e-05
743,2022-03-20,Influenza Viruses B,0.0
744,2022-03-27,Influenza Viruses B,6.954102920723227e-05
745,2022-04-03,Influenza Viruses B,0.0001445817971517386
746,2022-04-10,Influenza Viruses B,0.00014796182584893096
747,2022-04-17,Influenza Viruses B,0.0002870058118676903
748,2022-04-24,Influenza Viruses B,0.000211954217888936
749,2022-05-01,Influenza Viruses B,6.764069264069264e-05
750,2022-05-08,Influenza Viruses B,6.466214031684449e-05
751,2022-05-15,Influenza Viruses B,0.00019471668722009477
752,2022-05-22,Influenza Viruses B,6.371861858034918e-05
753,2022-05-29,Influenza Viruses B,6.621201085876978e-05
754,2022-06-05,Influenza Viruses B,7.06364342727979e-05
755,2022-06-12,Influenza Viruses B,0.00013245033112582781
756,2022-06-19,Influenza Viruses B,0.0001886673794101
757,2022-06-26,Influenza Viruses B,5.85171747908011e-05
758,2022-07-03,Influenza Viruses B,5.205351100931758e-05
759,2022-07-10,Influenza Viruses B,5.3013836611355566e-05
760,2022-07-17,Influenza Viruses B,4.974629390110437e-05
761,2022-07-24,Influenza Viruses B,0.00018960041712091767
762,2022-07-31,Influenza Viruses B,0.0001398014818957081
763,2022-08-07,Influenza Viruses B,0.00010652463382157124
764,2022-08-14,Influenza Viruses B,0.0001299545159194282
765,2022-08-21,Influenza Viruses B,9.645061728395061e-05
766,2022-08-28,Influenza Viruses B,0.00010747487774732656
767,2022-09-04,Influenza Viruses B,0.00024288056348290729
768,2022-09-11,Influenza Viruses B,0.0
769,2022-09-18,Influenza Viruses B,0.00042995958379912286
770,2022-09-25,Influenza Viruses B,0.0008849557522123894
771,2022-10-02,Influenza Viruses B,0.00040156610782049993
772,2022-10-09,Influenza Viruses B,0.0008771929824561404
773,2022-10-16,Influenza Viruses B,0.0009397392223657935
774,2022-10-23,Influenza Viruses B,0.0010642826734780758
775,2022-10-30,Influenza Viruses B,0.0005302226935312832
776,2022-11-06,Influenza Viruses B,0.0008739561079821324
777,2022-11-13,Influenza Viruses B,0.0003161555485298767
778,2022-11-20,Influenza Viruses B,0.0005248425472358292
779,2022-11-27,Influenza Viruses B,0.0003068112088361628
780,2022-12-04,Influenza Viruses B,0.0003232062055591467
781,2022-12-11,Influenza Viruses B,0.0005091649694501018
782,2022-12-18,Influenza Viruses B,0.00043779003589878294
783,2022-12-25,Influenza Viruses B,0.0009541984732824427
784,2023-01-01,Influenza Viruses B,0.0008658008658008658
785,2023-01-08,Influenza Viruses B,0.0016104911998159439
786,2023-01-15,Influenza Viruses B,0.0016849199663016006
787,2023-01-22,Influenza Viruses B,0.0021373230029388193
788,2023-01-29,Influenza Viruses B,0.0014771048744460858
789,2023-02-05,Influenza Viruses B,0.0032504469364537623
790,2023-02-12,Influenza Viruses B,0.0037087912087912086
791,2023-02-19,Influenza Viruses B,0.003955804119492565
792,2023-02-26,Influenza Viruses B,0.002698246140008994
793,2023-03-05,Influenza Viruses B,0.005058311086131797
794,2023-03-12,Influenza Viruses B,0.004497968659315148
795,2023-03-19,Influenza Viruses B,0.005498059508408797
796,2023-03-26,Influenza Viruses B,0.007936507936507936
797,2023-04-02,Influenza Viruses B,0.010017678255745434
798,2023-04-09,Influenza Viruses B,0.010143198090692125
799,2023-04-16,Influenza Viruses B,0.009644364074743821
800,2023-04-23,Influenza Viruses B,0.015261627906976744
801,2023-04-30,Influenza Viruses B,0.014655593551538837
802,2023-05-07,Influenza Viruses B,0.016422435573521982
803,2023-05-14,Influenza Viruses B,0.020959735245449532
804,2023-05-21,Influenza Viruses B,0.021302871256560666
805,2023-05-28,Influenza Viruses B,0.019269776876267748
806,2023-06-04,Influenza Viruses B,0.02021018593371059
807,2023-06-11,Influenza Viruses B,0.026423520655005583
808,2023-06-18,Influenza Viruses B,0.021604938271604937
809,2023-06-25,Influenza Viruses B,0.01772589710332901
810,2023-07-02,Influenza Viruses B,0.02349979018044482
811,2023-07-09,Influenza Viruses B,0.01972504482964734
812,2023-07-16,Influenza Viruses B,0.011139240506329114
813,2023-07-23,Influenza Viruses B,0.005583472920156337
814,2015-10-11,H3N2v,0.0
815,2015-10-18,H3N2v,0.0
816,2015-10-25,H3N2v,0.0
817,2015-11-01,H3N2v,0.0
818,2015-11-08,H3N2v,0.0
819,2015-11-15,H3N2v,0.0
820,2015-11-22,H3N2v,0.0
821,2015-11-29,H3N2v,0.0
822,2015-12-06,H3N2v,0.0
823,2015-12-13,H3N2v,0.0
824,2015-12-20,H3N2v,0.0
825,2015-12-27,H3N2v,0.0
826,2016-01-03,H3N2v,0.0
827,2016-01-10,H3N2v,0.0
828,2016-01-17,H3N2v,0.0
829,2016-01-24,H3N2v,0.0
830,2016-01-31,H3N2v,0.0
831,2016-02-07,H3N2v,0.0
832,2016-02-14,H3N2v,0.0
833,2016-02-21,H3N2v,0.0
834,2016-02-28,H3N2v,0.0
835,2016-03-06,H3N2v,0.0
836,2016-03-13,H3N2v,0.0
837,2016-03-20,H3N2v,0.0
838,2016-03-27,H3N2v,0.0
839,2016-04-03,H3N2v,0.0
840,2016-04-10,H3N2v,0.0
841,2016-04-17,H3N2v,0.0
842,2016-04-24,H3N2v,0.0
843,2016-05-01,H3N2v,0.0
844,2016-05-08,H3N2v,0.0
845,2016-05-15,H3N2v,0.0
846,2016-05-22,H3N2v,0.0
847,2016-05-29,H3N2v,0.0
848,2016-06-05,H3N2v,0.0
849,2016-06-12,H3N2v,0.0
850,2016-06-19,H3N2v,0.0
851,2016-06-26,H3N2v,0.0
852,2016-07-03,H3N2v,0.0
853,2016-07-10,H3N2v,0.0
854,2016-07-17,H3N2v,0.0
855,2016-07-24,H3N2v,0.0
856,2016-07-31,H3N2v,0.003355704697986577
857,2016-08-07,H3N2v,0.008547008547008548
858,2016-08-14,H3N2v,0.02849002849002849
859,2016-08-21,H3N2v,0.010638297872340425
860,2016-08-28,H3N2v,0.0
861,2016-09-04,H3N2v,0.0
862,2016-09-11,H3N2v,0.0
863,2016-09-18,H3N2v,0.0
864,2016-09-25,H3N2v,0.0
865,2016-10-02,H3N2v,0.0
866,2016-10-09,H3N2v,0.0
867,2016-10-16,H3N2v,0.0
868,2016-10-23,H3N2v,0.0
869,2016-10-30,H3N2v,0.0
870,2016-11-06,H3N2v,0.0
871,2016-11-13,H3N2v,0.0
872,2016-11-20,H3N2v,0.0
873,2016-11-27,H3N2v,0.0
874,2016-12-04,H3N2v,0.0
875,2016-12-11,H3N2v,0.0
876,2016-12-18,H3N2v,0.0
877,2016-12-25,H3N2v,0.0
878,2017-01-01,H3N2v,0.0
879,2017-01-08,H3N2v,0.0
880,2017-01-15,H3N2v,0.0
881,2017-01-22,H3N2v,0.0
882,2017-01-29,H3N2v,0.0
883,2017-02-05,H3N2v,0.0
884,2017-02-12,H3N2v,0.0
885,2017-02-19,H3N2v,0.0
886,2017-02-26,H3N2v,0.0
887,2017-03-05,H3N2v,0.0
888,2017-03-12,H3N2v,0.0
889,2017-03-19,H3N2v,0.0
890,2017-03-26,H3N2v,0.0
891,2017-04-02,H3N2v,0.0
892,2017-04-09,H3N2v,0.0
893,2017-04-16,H3N2v,0.0
894,2017-04-23,H3N2v,0.0
895,2017-04-30,H3N2v,0.0
896,2017-05-07,H3N2v,0.0
897,2017-05-14,H3N2v,0.0
898,2017-05-21,H3N2v,0.0
899,2017-05-28,H3N2v,0.0
900,2017-06-04,H3N2v,0.0
901,2017-06-11,H3N2v,0.0
902,2017-06-18,H3N2v,0.0
903,2017-06-25,H3N2v,0.0
904,2017-07-02,H3N2v,0.0
905,2017-07-09,H3N2v,0.0
906,2017-07-16,H3N2v,0.005763688760806916
907,2017-07-23,H3N2v,0.025423728813559324
908,2017-07-30,H3N2v,0.0
909,2017-08-06,H3N2v,0.012987012987012988
910,2017-08-13,H3N2v,0.002680965147453083
911,2017-08-20,H3N2v,0.0
912,2017-08-27,H3N2v,0.0
913,2017-09-03,H3N2v,0.0
914,2017-09-10,H3N2v,0.0
915,2017-09-17,H3N2v,0.0
916,2017-09-24,H3N2v,0.020481927710843374
917,2017-10-01,H3N2v,0.02497398543184183
918,2017-10-08,H3N2v,0.0009606147934678194
919,2017-10-15,H3N2v,0.0
920,2017-10-22,H3N2v,0.0
921,2017-10-29,H3N2v,0.0
922,2017-11-05,H3N2v,0.0
923,2017-11-12,H3N2v,0.0
924,2017-11-19,H3N2v,0.0
925,2017-11-26,H3N2v,0.0
926,2017-12-03,H3N2v,0.00042211903756859433
927,2017-12-10,H3N2v,0.0
928,2017-12-17,H3N2v,0.0
929,2017-12-24,H3N2v,0.0
930,2017-12-31,H3N2v,0.0
931,2018-01-07,H3N2v,0.0
932,2018-01-14,H3N2v,0.0
933,2018-01-21,H3N2v,0.0
934,2018-01-28,H3N2v,0.0
935,2018-02-04,H3N2v,0.0
936,2018-02-11,H3N2v,0.0
937,2018-02-18,H3N2v,0.0
938,2018-02-25,H3N2v,0.0
939,2018-03-04,H3N2v,0.0
940,2018-03-11,H3N2v,0.0
941,2018-03-18,H3N2v,0.0
942,2018-03-25,H3N2v,0.0
943,2018-04-01,H3N2v,0.0
944,2018-04-08,H3N2v,0.0
945,2018-04-15,H3N2v,0.0
946,2018-04-22,H3N2v,0.0
947,2018-04-29,H3N2v,0.0
948,2018-05-06,H3N2v,0.0
949,2018-05-13,H3N2v,0.0
950,2018-05-20,H3N2v,0.0
951,2018-05-27,H3N2v,0.0
952,2018-06-03,H3N2v,0.0
953,2018-06-10,H3N2v,0.0
954,2018-06-17,H3N2v,0.0
955,2018-06-24,H3N2v,0.004694835680751174
956,2018-07-01,H3N2v,0.0
957,2018-07-08,H3N2v,0.0
958,2018-07-15,H3N2v,0.0
959,2018-07-22,H3N2v,0.0
960,2018-07-29,H3N2v,0.0
961,2018-08-05,H3N2v,0.0
962,2018-08-12,H3N2v,0.0
963,2018-08-19,H3N2v,0.0
964,2018-08-26,H3N2v,0.0
965,2018-09-02,H3N2v,0.0
966,2018-09-09,H3N2v,0.0
967,2018-09-16,H3N2v,0.0
968,2018-09-23,H3N2v,0.0
969,2018-09-30,H3N2v,0.0
970,2018-10-07,H3N2v,0.0
971,2018-10-14,H3N2v,0.0
972,2018-10-21,H3N2v,0.0
973,2018-10-28,H3N2v,0.0
974,2018-11-04,H3N2v,0.0
975,2018-11-11,H3N2v,0.0
976,2018-11-18,H3N2v,0.0
977,2018-11-25,H3N2v,0.0
978,2018-12-02,H3N2v,0.0
979,2018-12-09,H3N2v,0.0
980,2018-12-16,H3N2v,0.0
981,2018-12-23,H3N2v,0.0
982,2018-12-30,H3N2v,0.0
983,2019-01-13,H3N2v,0.0
984,2019-01-20,H3N2v,0.0
985,2019-01-27,H3N2v,0.0
986,2019-02-03,H3N2v,0.0
987,2019-02-10,H3N2v,0.0
988,2019-02-17,H3N2v,0.0
989,2019-02-24,H3N2v,0.0
990,2019-03-03,H3N2v,0.0
991,2019-03-10,H3N2v,0.0
992,2019-03-17,H3N2v,0.0
993,2019-03-24,H3N2v,0.0
994,2019-03-31,H3N2v,0.0
995,2019-04-07,H3N2v,0.0
996,2019-04-14,H3N2v,0.0
997,2019-04-21,H3N2v,0.0
998,2019-04-28,H3N2v,0.0
999,2019-05-05,H3N2v,0.0
1000,2019-05-12,H3N2v,0.0
1001,2019-05-19,H3N2v,0.0
1002,2019-05-26,H3N2v,0.0
1003,2019-06-02,H3N2v,0.0
1004,2019-06-09,H3N2v,0.0
1005,2019-06-16,H3N2v,0.0
1006,2019-06-23,H3N2v,0.0
1007,2019-06-30,H3N2v,0.0
1008,2019-07-07,H3N2v,0.0
1009,2019-07-14,H3N2v,0.0
1010,2019-07-21,H3N2v,0.0
1011,2019-07-28,H3N2v,0.0
1012,2019-08-04,H3N2v,0.0
1013,2019-08-11,H3N2v,0.0
1014,2019-08-18,H3N2v,0.0
1015,2019-08-25,H3N2v,0.0
1016,2019-09-01,H3N2v,0.0
1017,2019-09-08,H3N2v,0.0
1018,2019-09-15,H3N2v,0.0
1019,2019-09-22,H3N2v,0.0
1020,2019-09-29,H3N2v,0.0
1021,2019-10-06,H3N2v,0.0
1022,2019-10-13,H3N2v,0.0
1023,2019-10-20,H3N2v,0.0
1024,2019-10-27,H3N2v,0.0
1025,2019-11-03,H3N2v,0.0
1026,2019-11-10,H3N2v,0.0
1027,2019-11-17,H3N2v,0.0
1028,2019-11-24,H3N2v,0.0
1029,2019-12-01,H3N2v,0.0
1030,2019-12-08,H3N2v,0.0
1031,2019-12-15,H3N2v,0.0
1032,2019-12-22,H3N2v,0.0
1033,2019-12-29,H3N2v,0.0
1034,2020-01-05,H3N2v,0.0
1035,2020-01-12,H3N2v,0.0
1036,2020-01-19,H3N2v,0.0
1037,2020-01-26,H3N2v,0.0
1038,2020-02-02,H3N2v,0.0
1039,2020-02-09,H3N2v,0.0
1040,2020-02-16,H3N2v,0.0
1041,2020-02-23,H3N2v,0.0
1042,2020-03-01,H3N2v,0.0
1043,2020-03-08,H3N2v,0.0
1044,2020-03-15,H3N2v,0.0
1045,2020-03-22,H3N2v,0.0
1046,2020-03-29,H3N2v,0.0
1047,2020-04-05,H3N2v,0.0
1048,2020-04-12,H3N2v,0.0
1049,2020-04-19,H3N2v,0.0
1050,2020-04-26,H3N2v,0.0
1051,2020-05-03,H3N2v,0.0
1052,2020-05-10,H3N2v,0.0
1053,2020-05-17,H3N2v,0.0
1054,2020-05-24,H3N2v,0.0
1055,2020-05-31,H3N2v,0.0
1056,2020-06-07,H3N2v,0.0
1057,2020-06-14,H3N2v,0.0
1058,2020-06-21,H3N2v,0.0
1059,2020-06-28,H3N2v,0.0
1060,2020-07-05,H3N2v,0.0
1061,2020-07-12,H3N2v,0.004975124378109453
1062,2020-07-19,H3N2v,0.0
1063,2020-07-26,H3N2v,0.0
1064,2020-08-02,H3N2v,0.0
1065,2020-08-09,H3N2v,0.0
1066,2020-08-16,H3N2v,0.0
1067,2020-08-23,H3N2v,0.0
1068,2020-08-30,H3N2v,0.0
1069,2020-09-06,H3N2v,0.0
1070,2020-09-13,H3N2v,0.0
1071,2020-09-20,H3N2v,0.0
1072,2020-09-27,H3N2v,0.0
1073,2020-10-04,H3N2v,0.0
1074,2020-10-11,H3N2v,0.0
1075,2020-10-18,H3N2v,0.0
1076,2020-10-25,H3N2v,0.0
1077,2020-11-01,H3N2v,0.0
1078,2020-11-08,H3N2v,0.0
1079,2020-11-15,H3N2v,0.0
1080,2020-11-22,H3N2v,0.0
1081,2020-11-29,H3N2v,0.0
1082,2020-12-06,H3N2v,0.0
1083,2020-12-13,H3N2v,0.0
1084,2020-12-20,H3N2v,0.0
1085,2020-12-27,H3N2v,0.0
1086,2021-01-03,H3N2v,0.0
1087,2021-01-10,H3N2v,0.0
1088,2021-01-10,H3N2v,0.0
1089,2021-01-17,H3N2v,6.369426751592356e-05
1090,2021-01-24,H3N2v,0.0
1091,2021-01-31,H3N2v,0.0
1092,2021-02-07,H3N2v,0.0
1093,2021-02-14,H3N2v,0.0
1094,2021-02-21,H3N2v,0.0
1095,2021-02-28,H3N2v,0.0
1096,2021-03-07,H3N2v,0.0
1097,2021-03-14,H3N2v,0.0
1098,2021-03-21,H3N2v,0.0
1099,2021-03-28,H3N2v,0.0
1100,2021-04-04,H3N2v,0.0
1101,2021-04-11,H3N2v,0.0
1102,2021-04-18,H3N2v,0.0
1103,2021-04-25,H3N2v,0.0
1104,2021-05-02,H3N2v,0.0
1105,2021-05-09,H3N2v,0.0
1106,2021-05-16,H3N2v,0.0
1107,2021-05-23,H3N2v,0.0
1108,2021-05-30,H3N2v,0.0
1109,2021-06-06,H3N2v,0.0
1110,2021-06-13,H3N2v,0.0
1111,2021-06-20,H3N2v,0.0
1112,2021-06-27,H3N2v,0.0
1113,2021-07-04,H3N2v,0.0
1114,2021-07-11,H3N2v,0.0
1115,2021-07-18,H3N2v,0.0
1116,2021-07-25,H3N2v,0.0
1117,2021-08-01,H3N2v,0.0
1118,2021-08-08,H3N2v,0.0
1119,2021-08-15,H3N2v,6.210408644888833e-05
1120,2021-08-22,H3N2v,0.0
1121,2021-08-29,H3N2v,0.0
1122,2021-09-05,H3N2v,0.0
1123,2021-09-12,H3N2v,0.0
1124,2021-09-19,H3N2v,0.0
1125,2021-09-26,H3N2v,0.0
1126,2021-10-03,H3N2v,0.0
1127,2021-10-10,H3N2v,0.0
1128,2021-10-17,H3N2v,5.194805194805195e-05
1129,2021-10-24,H3N2v,0.0
1130,2021-10-31,H3N2v,0.0
1131,2021-11-07,H3N2v,0.0
1132,2021-11-14,H3N2v,0.0
1133,2021-11-21,H3N2v,0.0
1134,2021-11-28,H3N2v,0.0
1135,2021-12-05,H3N2v,0.0
1136,2021-12-12,H3N2v,0.0
1137,2021-12-19,H3N2v,0.0
1138,2021-12-26,H3N2v,0.0
1139,2022-01-02,H3N2v,0.0
1140,2022-01-09,H3N2v,0.0
1141,2022-01-16,H3N2v,0.0
1142,2022-01-23,H3N2v,0.0
1143,2022-01-30,H3N2v,0.0
1144,2022-02-06,H3N2v,0.0
1145,2022-02-13,H3N2v,0.0
1146,2022-02-20,H3N2v,0.0
1147,2022-02-27,H3N2v,0.0
1148,2022-03-06,H3N2v,0.0
1149,2022-03-13,H3N2v,0.0
1150,2022-03-20,H3N2v,0.0
1151,2022-03-27,H3N2v,0.0
1152,2022-04-03,H3N2v,0.0
1153,2022-04-10,H3N2v,0.0
1154,2022-04-17,H3N2v,0.0
1155,2022-04-24,H3N2v,0.0
1156,2022-05-01,H3N2v,0.0
1157,2022-05-08,H3N2v,0.0
1158,2022-05-15,H3N2v,0.0
1159,2022-05-22,H3N2v,0.0
1160,2022-05-29,H3N2v,0.0
1161,2022-06-05,H3N2v,0.0
1162,2022-06-12,H3N2v,0.0
1163,2022-06-19,H3N2v,0.0
1164,2022-06-26,H3N2v,0.0
1165,2022-07-03,H3N2v,0.0
1166,2022-07-10,H3N2v,0.0
1167,2022-07-17,H3N2v,0.0
1168,2022-07-24,H3N2v,0.0
1169,2022-07-31,H3N2v,0.0
1170,2022-08-07,H3N2v,0.00015978695073235686
1171,2022-08-14,H3N2v,0.0
1172,2022-08-21,H3N2v,0.0
1173,2022-08-28,H3N2v,0.0
1174,2022-09-04,H3N2v,0.0
1175,2022-09-11,H3N2v,8.634832915983076e-05
1176,2022-09-18,H3N2v,0.0
1177,2022-09-25,H3N2v,0.0
1178,2022-10-02,H3N2v,0.0
1179,2022-10-09,H3N2v,0.0
1180,2022-10-16,H3N2v,0.0
1181,2022-10-23,H3N2v,0.00010642826734780758
1182,2022-10-30,H3N2v,0.0
1183,2022-11-06,H3N2v,0.0
1184,2022-11-13,H3N2v,0.0
1185,2022-11-20,H3N2v,0.0
1186,2022-11-27,H3N2v,0.0
1187,2022-12-04,H3N2v,0.0
1188,2022-12-11,H3N2v,0.0
1189,2022-12-18,H3N2v,0.0
1190,2022-12-25,H3N2v,0.0
1191,2023-01-01,H3N2v,0.0
1192,2023-01-08,H3N2v,0.0
1193,2023-01-15,H3N2v,0.0
1194,2023-01-22,H3N2v,0.0
1195,2023-01-29,H3N2v,0.0
1196,2023-02-05,H3N2v,0.0
1197,2023-02-12,H3N2v,0.0
1198,2023-02-19,H3N2v,0.0
1199,2023-02-26,H3N2v,0.0
1200,2023-03-05,H3N2v,0.0
1201,2023-03-12,H3N2v,0.0
1202,2023-03-19,H3N2v,0.0
1203,2023-03-26,H3N2v,0.0
1204,2023-04-02,H3N2v,0.0
1205,2023-04-09,H3N2v,0.0
1206,2023-04-16,H3N2v,0.0
1207,2023-04-23,H3N2v,0.0
1208,2023-04-30,H3N2v,0.0
1209,2023-05-07,H3N2v,0.0
1210,2023-05-14,H3N2v,0.0
1211,2023-05-21,H3N2v,0.0
1212,2023-05-28,H3N2v,0.0
1213,2023-06-04,H3N2v,0.0
1214,2023-06-11,H3N2v,0.0
1215,2023-06-18,H3N2v,0.0
1216,2023-06-25,H3N2v,0.0
1217,2023-07-02,H3N2v,0.0
1218,2023-07-09,H3N2v,0.0
1219,2023-07-16,H3N2v,0.0
1220,2023-07-23,H3N2v,0.0
